-- phpMyAdmin SQL Dump
-- version 5.2.0
-- https://www.phpmyadmin.net/
--
-- Host: 127.0.0.1
-- Generation Time: Jan 15, 2023 at 04:51 PM
-- Server version: 10.4.24-MariaDB
-- PHP Version: 7.4.29

SET SQL_MODE = "NO_AUTO_VALUE_ON_ZERO";
START TRANSACTION;
SET time_zone = "+00:00";


/*!40101 SET @OLD_CHARACTER_SET_CLIENT=@@CHARACTER_SET_CLIENT */;
/*!40101 SET @OLD_CHARACTER_SET_RESULTS=@@CHARACTER_SET_RESULTS */;
/*!40101 SET @OLD_COLLATION_CONNECTION=@@COLLATION_CONNECTION */;
/*!40101 SET NAMES utf8mb4 */;

--
-- Database: `bayes_numerik`
--

-- --------------------------------------------------------

--
-- Table structure for table `data_hitung`
--

CREATE TABLE `data_hitung` (
  `id` int(11) NOT NULL,
  `atribut` varchar(20) NOT NULL,
  `p_tepat` double NOT NULL,
  `p_terlambat` double NOT NULL
) ENGINE=InnoDB DEFAULT CHARSET=utf8;

--
-- Dumping data for table `data_hitung`
--

INSERT INTO `data_hitung` (`id`, `atribut`, `p_tepat`, `p_terlambat`) VALUES
(1, 'P_Kelas', 0.838, 0.162);

-- --------------------------------------------------------

--
-- Table structure for table `data_latih`
--

CREATE TABLE `data_latih` (
  `id` int(11) NOT NULL,
  `jumlah_mk` double DEFAULT NULL,
  `absensi` double DEFAULT NULL,
  `sks_s1` double DEFAULT NULL,
  `sks_s2` double DEFAULT NULL,
  `sks_s3` double DEFAULT NULL,
  `sks_s4` double DEFAULT NULL,
  `ips_s1` double DEFAULT NULL,
  `ips_s2` double DEFAULT NULL,
  `ips_s3` double DEFAULT NULL,
  `ips_s4` double DEFAULT NULL,
  `kelas` varchar(50) NOT NULL
) ENGINE=InnoDB DEFAULT CHARSET=utf8;

--
-- Dumping data for table `data_latih`
--

INSERT INTO `data_latih` (`id`, `jumlah_mk`, `absensi`, `sks_s1`, `sks_s2`, `sks_s3`, `sks_s4`, `ips_s1`, `ips_s2`, `ips_s3`, `ips_s4`, `kelas`) VALUES
(1, 37, 61, 18, 21, 21, 23, 2.2, 2.8, 1.8, 2.2, 'Terlambat'),
(2, 26, 47.5, 18, 21, 21, 0, 1.6, 2, 0.1, 0, 'Terlambat'),
(3, 35, 71.8, 18, 21, 21, 23, 2, 2.8, 2.8, 2.8, 'Terlambat'),
(4, 43, 54.8, 17, 21, 21, 23, 2.3, 1.8, 1.4, 0.7, 'Terlambat'),
(5, 35, 75.8, 18, 21, 21, 23, 3, 2.7, 2.7, 2.6, 'Terlambat'),
(6, 17, 28.4, 18, 21, 0, 0, 2.5, 0, 0, 0, 'Terlambat'),
(7, 43, 72.9, 18, 21, 21, 23, 2.9, 2.9, 2.7, 2.9, 'Terlambat'),
(8, 56, 54.7, 18, 21, 21, 23, 1.8, 2.1, 2, 2, 'Terlambat'),
(9, 26, 57, 18, 21, 21, 0, 3, 2.7, 1.9, 0, 'Terlambat'),
(10, 52, 53.2, 18, 21, 21, 23, 2.5, 2.8, 2.4, 1.6, 'Terlambat'),
(11, 28, 61.3, 19, 20, 23, 0, 2.8, 2.9, 0.7, 0, 'Terlambat'),
(12, 35, 85, 19, 20, 21, 24, 2.9, 2.9, 2.8, 2.7, 'Terlambat'),
(13, 66, 62.5, 19, 20, 18, 21, 1.5, 2.1, 2.1, 2.1, 'Terlambat'),
(14, 62, 47.1, 19, 20, 12, 24, 2.5, 1.9, 0.7, 2.3, 'Terlambat'),
(15, 22, 57.1, 19, 20, 12, 0, 2, 0.9, 0, 0, 'Terlambat'),
(16, 31, 83.2, 20, 19, 18, 15, 2.6, 2.3, 1.4, 1, 'Terlambat'),
(17, 50, 89.3, 20, 19, 21, 21, 3, 2.8, 2.6, 2.8, 'Terlambat'),
(18, 25, 60.9, 20, 19, 18, 0, 2.8, 2.3, 0.2, 0, 'Terlambat'),
(19, 36, 52.1, 20, 19, 24, 24, 2.5, 2, 2.8, 2.4, 'Terlambat'),
(20, 36, 94.4, 20, 19, 23, 23, 3, 3.2, 3.1, 3.2, 'Terlambat'),
(21, 35, 91.6, 20, 19, 21, 23, 2.9, 3.1, 3, 3, 'Terlambat'),
(22, 46, 67, 45, 23, 21, 24, 2.8, 2.9, 3.2, 1.3, 'Terlambat'),
(23, 33, 91.5, 20, 19, 21, 21, 3, 3.1, 3.2, 3, 'Terlambat'),
(24, 60, 71.2, 18, 21, 21, 25, 2.7, 3, 3.3, 3, 'Tepat'),
(25, 60, 76.6, 18, 21, 23, 25, 3, 3.2, 3.4, 3.5, 'Tepat'),
(26, 63, 63, 18, 21, 21, 23, 3, 2.7, 2.7, 2.6, 'Tepat'),
(27, 63, 85.3, 19, 20, 23, 24, 2.5, 3.1, 2.8, 2.9, 'Tepat'),
(28, 67, 76.6, 19, 20, 18, 24, 2.6, 2.5, 2.5, 2.2, 'Tepat'),
(29, 61, 88.4, 19, 20, 23, 24, 2.9, 2.5, 3.3, 2.2, 'Tepat'),
(30, 61, 90.2, 19, 20, 23, 24, 3.3, 3.4, 3.3, 3.7, 'Tepat'),
(31, 62, 85.6, 19, 20, 21, 24, 2.9, 3.1, 2.9, 3, 'Tepat'),
(32, 61, 90, 19, 20, 23, 24, 3, 3.5, 3.2, 3.2, 'Tepat'),
(33, 61, 83.4, 19, 20, 21, 24, 2.8, 2.7, 2.6, 2.9, 'Tepat'),
(34, 61, 92.1, 19, 20, 23, 24, 3, 3.1, 3.4, 3.4, 'Tepat'),
(35, 66, 78.5, 19, 20, 23, 24, 2.7, 2.9, 3.4, 2.7, 'Tepat'),
(36, 61, 82.6, 19, 20, 23, 24, 2.8, 3.1, 3.1, 3.2, 'Tepat'),
(37, 61, 82.7, 19, 20, 23, 24, 3.2, 3.2, 3.1, 3.5, 'Tepat'),
(38, 63, 87, 19, 20, 23, 24, 3, 3.3, 3.2, 3.5, 'Tepat'),
(39, 61, 90, 19, 20, 23, 24, 2.7, 3.3, 3, 3.1, 'Tepat'),
(40, 61, 88.5, 19, 20, 21, 24, 2.7, 2.6, 2.7, 2.7, 'Tepat'),
(41, 62, 87.9, 19, 20, 23, 24, 2.6, 3.1, 2.8, 3, 'Tepat'),
(42, 65, 84.5, 19, 20, 23, 24, 3, 3.2, 2.7, 3.2, 'Tepat'),
(43, 60, 90.5, 19, 20, 23, 24, 3, 3.4, 3.2, 3.4, 'Tepat'),
(44, 61, 80.6, 19, 20, 23, 24, 2.9, 3, 2.8, 3, 'Tepat'),
(45, 60, 90.4, 19, 20, 23, 24, 2.9, 3.2, 2.9, 3.4, 'Tepat'),
(46, 60, 89.3, 19, 20, 23, 24, 3.1, 3.3, 3.3, 3.5, 'Tepat'),
(47, 65, 83.2, 19, 20, 21, 24, 2.8, 2.7, 2.7, 2.7, 'Tepat'),
(48, 64, 68.1, 19, 20, 18, 24, 3, 2.1, 2.4, 2.6, 'Tepat'),
(49, 62, 80.4, 19, 20, 21, 24, 3, 2.8, 2.9, 2.7, 'Tepat'),
(50, 62, 88, 19, 20, 23, 24, 3, 3, 3.1, 3, 'Tepat'),
(51, 66, 81.7, 19, 20, 18, 24, 2.7, 2.5, 2.5, 2.3, 'Tepat'),
(52, 62, 80.5, 19, 20, 21, 24, 3, 3.3, 2.9, 2.9, 'Tepat'),
(53, 60, 80.1, 19, 20, 21, 24, 3, 3.6, 3.3, 3.2, 'Tepat'),
(54, 65, 88.6, 19, 20, 21, 24, 2.9, 2.9, 3.2, 3.7, 'Tepat'),
(55, 62, 86.3, 19, 20, 23, 24, 2.9, 3, 3, 2.5, 'Tepat'),
(56, 65, 77.1, 19, 20, 23, 24, 3.2, 3.2, 2.7, 2.5, 'Tepat'),
(57, 63, 88, 19, 20, 21, 24, 3.1, 3, 3.1, 3.3, 'Tepat'),
(58, 62, 87.6, 19, 20, 21, 24, 3, 3, 3.1, 3, 'Tepat'),
(59, 66, 65, 48, 19, 19, 22, 2.7, 2.7, 2.8, 3, 'Tepat'),
(60, 61, 81.7, 20, 19, 21, 23, 2.8, 3, 2.9, 3.2, 'Tepat'),
(61, 63, 77.7, 20, 19, 21, 23, 2.8, 3, 3.1, 3.1, 'Tepat'),
(62, 60, 81.7, 20, 19, 23, 23, 3.1, 3.1, 3.1, 3.1, 'Tepat'),
(63, 64, 76.7, 20, 19, 21, 23, 3, 2.9, 3, 2.9, 'Tepat'),
(64, 60, 81.3, 20, 19, 21, 23, 3.4, 3, 3.3, 3, 'Tepat'),
(65, 63, 85.9, 20, 19, 23, 23, 3, 3.2, 3.4, 3.2, 'Tepat'),
(66, 61, 67.5, 20, 19, 21, 21, 2.7, 2.6, 2.6, 2.8, 'Tepat'),
(67, 61, 84.9, 20, 19, 23, 23, 3.2, 3.5, 3.3, 3.4, 'Tepat'),
(68, 60, 73, 45, 24, 21, 21, 3.3, 3.1, 3.3, 3.4, 'Tepat'),
(69, 61, 82.2, 20, 19, 23, 23, 2.9, 2.1, 3.3, 3.1, 'Tepat'),
(70, 62, 85.4, 20, 19, 21, 23, 3.3, 3, 2.8, 3.2, 'Tepat'),
(71, 60, 69.9, 20, 19, 21, 21, 2.6, 2.2, 2.6, 3.2, 'Tepat'),
(72, 60, 81.4, 20, 19, 21, 21, 2.9, 2.9, 2.5, 2.9, 'Tepat'),
(73, 61, 88.4, 20, 19, 23, 23, 3.2, 3.2, 3.2, 3.6, 'Tepat'),
(74, 60, 87.6, 20, 19, 21, 23, 2.9, 3, 3, 3.2, 'Tepat'),
(75, 60, 57.5, 20, 19, 21, 23, 3.1, 3, 2.9, 3.1, 'Tepat'),
(76, 65, 74.6, 20, 19, 21, 21, 2.5, 2.7, 2.4, 3, 'Tepat'),
(77, 62, 79.2, 20, 19, 21, 21, 2.7, 3, 2.5, 2.8, 'Tepat'),
(78, 61, 87.1, 20, 19, 23, 23, 2.9, 3, 3.1, 3.4, 'Tepat'),
(79, 62, 84, 20, 19, 21, 23, 2.9, 2.9, 3.2, 3.1, 'Tepat'),
(80, 66, 81.8, 20, 19, 21, 23, 3.1, 3, 2.8, 3.2, 'Tepat'),
(81, 62, 86, 20, 19, 23, 23, 3.1, 3.3, 3.4, 3.1, 'Tepat'),
(82, 61, 83.8, 20, 19, 23, 23, 3.1, 3, 3.1, 3.5, 'Tepat'),
(83, 62, 82.6, 20, 19, 23, 23, 3.1, 2.9, 3, 3.5, 'Tepat'),
(84, 61, 88.6, 20, 19, 21, 23, 3.1, 3, 3.2, 3.6, 'Tepat'),
(85, 71, 59.9, 55, 18, 18, 21, 3.1, 2.8, 2.6, 3, 'Tepat'),
(86, 61, 84.4, 20, 19, 23, 23, 3, 3.1, 3.4, 3.5, 'Tepat'),
(87, 61, 85.9, 20, 19, 23, 23, 3.5, 3.1, 3.6, 3.5, 'Tepat'),
(88, 63, 86.7, 20, 19, 21, 23, 3.1, 3.3, 3.2, 2.2, 'Tepat'),
(89, 61, 79.7, 20, 19, 21, 23, 3, 2.6, 3.1, 3.3, 'Tepat'),
(90, 61, 94.6, 20, 19, 21, 23, 3, 3, 3.3, 3.2, 'Tepat'),
(91, 61, 89.3, 20, 19, 23, 23, 3.1, 3.2, 3.5, 3.5, 'Tepat'),
(92, 60, 73.6, 20, 19, 21, 23, 2.8, 2.6, 2.9, 3.2, 'Tepat'),
(93, 63, 82.9, 20, 19, 21, 23, 3.5, 3.2, 3.4, 3.5, 'Tepat'),
(94, 62, 82, 20, 19, 21, 23, 3.2, 3, 2.8, 3.1, 'Tepat'),
(95, 61, 72.9, 20, 19, 12, 21, 2.6, 2.1, 2.6, 2.4, 'Tepat'),
(96, 67, 85.7, 20, 19, 21, 23, 3, 2.8, 3, 2.8, 'Tepat'),
(97, 66, 68.3, 36, 22, 19, 18, 2.9, 3.1, 2.3, 3.1, 'Tepat'),
(98, 61, 83.6, 20, 19, 21, 23, 3.6, 3.2, 3.4, 3.5, 'Tepat'),
(99, 60, 83, 20, 19, 21, 21, 3, 2.9, 2.7, 2.8, 'Tepat'),
(100, 61, 87.9, 20, 19, 21, 21, 2.9, 3, 3, 2.9, 'Tepat'),
(101, 60, 82.5, 20, 19, 23, 23, 3, 3.2, 3.1, 3.4, 'Tepat'),
(102, 61, 79.1, 20, 19, 23, 23, 3.1, 3, 3.3, 3.1, 'Tepat'),
(103, 61, 87.3, 20, 19, 23, 23, 3.3, 3, 3.4, 3.6, 'Tepat'),
(104, 61, 81.5, 20, 19, 21, 23, 3.2, 2.9, 3.1, 3.3, 'Tepat'),
(105, 61, 84, 20, 19, 21, 23, 3.4, 3.2, 3.3, 3.4, 'Tepat'),
(106, 61, 83.4, 20, 19, 23, 23, 3.2, 3.1, 3.1, 3.4, 'Tepat'),
(107, 61, 63.9, 20, 19, 23, 23, 3.2, 3.2, 3.3, 3.6, 'Tepat'),
(108, 61, 85.1, 20, 19, 23, 23, 3.5, 3.3, 3.4, 3.5, 'Tepat'),
(109, 62, 81, 20, 19, 21, 21, 3.2, 2.9, 2.5, 3.1, 'Tepat'),
(110, 61, 90.2, 20, 19, 23, 23, 3.5, 3.5, 3.6, 3.8, 'Tepat'),
(111, 61, 79.6, 20, 19, 21, 23, 3, 2.9, 3.2, 3.4, 'Tepat'),
(112, 61, 87.2, 20, 19, 21, 23, 3.3, 3, 3.4, 3.5, 'Tepat'),
(113, 61, 80.9, 20, 19, 21, 23, 2.9, 2.9, 3.2, 3.5, 'Tepat'),
(114, 61, 82.4, 20, 19, 23, 23, 3.3, 3.3, 3.3, 3.5, 'Tepat'),
(115, 65, 35.9, 103, 8, 21, 23, 3, 2.8, 2.7, 3.4, 'Tepat'),
(116, 61, 82.5, 20, 19, 23, 23, 3.2, 3.3, 3.4, 3.6, 'Tepat'),
(117, 61, 81.7, 20, 19, 21, 23, 3.2, 2.9, 3.1, 3.4, 'Tepat'),
(118, 60, 76.1, 20, 19, 21, 23, 3, 2.7, 2.9, 3.1, 'Tepat'),
(119, 61, 77.4, 20, 19, 21, 23, 3.2, 2.5, 2.7, 3.2, 'Tepat'),
(120, 63, 75, 20, 19, 15, 21, 3, 2.4, 2.7, 2.7, 'Tepat'),
(121, 60, 85.9, 20, 19, 21, 23, 3.5, 3.2, 3.4, 3.4, 'Tepat'),
(122, 61, 78.3, 20, 19, 21, 23, 2.7, 2.8, 3, 3, 'Tepat'),
(123, 62, 67, 20, 19, 21, 21, 3.1, 2.9, 3.1, 3.1, 'Tepat'),
(124, 61, 78.5, 20, 19, 23, 21, 2.9, 2.8, 3.1, 3.3, 'Tepat'),
(125, 60, 53.4, 47, 24, 20, 24, 3.1, 3.4, 3.4, 3.7, 'Tepat'),
(126, 62, 24.7, 20, 24, 37, 33, 2.6, 2, 3.1, 2.6, 'Tepat'),
(127, 61, 86.7, 20, 19, 23, 21, 3.4, 3.5, 3.3, 3.2, 'Tepat'),
(128, 64, 84, 20, 19, 21, 21, 2.8, 2.9, 2.8, 3, 'Tepat'),
(129, 61, 88.9, 20, 19, 21, 23, 3.3, 3.5, 3.1, 3.2, 'Tepat'),
(130, 61, 95, 20, 19, 23, 23, 3.5, 3.4, 3.3, 3.2, 'Tepat'),
(131, 60, 91.3, 20, 19, 23, 21, 2.9, 3.1, 2.9, 3, 'Tepat'),
(132, 63, 88.3, 20, 19, 21, 23, 2.7, 3, 3, 3.1, 'Tepat'),
(133, 62, 87.3, 20, 19, 21, 23, 2.6, 3, 2.7, 3, 'Tepat'),
(134, 56, 73.4, 20, 19, 21, 19, 3, 2.5, 2.2, 3, 'Tepat'),
(135, 61, 87.2, 20, 19, 21, 23, 3.1, 3.2, 3.4, 3, 'Tepat'),
(136, 61, 94.3, 20, 19, 23, 23, 3.6, 3.3, 3.6, 3.9, 'Tepat'),
(137, 61, 94.1, 20, 19, 23, 23, 3.1, 3.4, 3.4, 3.5, 'Tepat'),
(138, 61, 93.6, 20, 19, 23, 23, 3, 3.1, 3, 3.3, 'Tepat'),
(139, 61, 89.1, 20, 19, 21, 23, 3.2, 3.2, 3.1, 3.1, 'Tepat'),
(140, 61, 94.5, 20, 19, 23, 23, 3.1, 3.3, 3.4, 3.4, 'Tepat'),
(141, 65, 76.6, 20, 19, 21, 21, 2, 3, 2.8, 2.4, 'Tepat'),
(142, 61, 85.7, 20, 19, 21, 21, 2.9, 3, 3, 2.8, 'Tepat');

-- --------------------------------------------------------

--
-- Table structure for table `data_uji`
--

CREATE TABLE `data_uji` (
  `id` int(11) NOT NULL,
  `jumlah_mk` double DEFAULT NULL,
  `absensi` double DEFAULT NULL,
  `sks_s1` double DEFAULT NULL,
  `sks_s2` double DEFAULT NULL,
  `sks_s3` double DEFAULT NULL,
  `sks_s4` double DEFAULT NULL,
  `ips_s1` double DEFAULT NULL,
  `ips_s2` double DEFAULT NULL,
  `ips_s3` double DEFAULT NULL,
  `ips_s4` double DEFAULT NULL,
  `kelas` varchar(50) NOT NULL,
  `kelas_prediksi` varchar(10) NOT NULL
) ENGINE=InnoDB DEFAULT CHARSET=utf8;

--
-- Dumping data for table `data_uji`
--

INSERT INTO `data_uji` (`id`, `jumlah_mk`, `absensi`, `sks_s1`, `sks_s2`, `sks_s3`, `sks_s4`, `ips_s1`, `ips_s2`, `ips_s3`, `ips_s4`, `kelas`, `kelas_prediksi`) VALUES
(1, 26, 47.508846153846, 18, 21, 21, 0, 1.58, 2.05, 0.1, 0, 'Terlambat', 'Terlambat'),
(2, 43, 54.770697674419, 17, 21, 21, 23, 2.26, 1.81, 1.37, 0.68, 'Terlambat', 'Terlambat'),
(3, 35, 75.820571428571, 18, 21, 21, 23, 3.03, 2.71, 2.7, 2.61, 'Terlambat', 'Terlambat'),
(4, 35, 84.962162162162, 19, 20, 21, 24, 2.92, 2.93, 2.76, 2.68, 'Terlambat', 'Terlambat'),
(5, 25, 60.9412, 20, 19, 18, 0, 2.84, 2.28, 0.17, 0, 'Terlambat', 'Terlambat'),
(6, 63, 85.255396825397, 19, 20, 23, 24, 2.55, 3.11, 2.84, 2.94, 'Tepat', 'Tepat'),
(7, 67, 76.56328358209, 19, 20, 18, 24, 2.62, 2.45, 2.53, 2.25, 'Tepat', 'Terlambat'),
(8, 61, 88.403770491803, 19, 20, 23, 24, 2.92, 2.45, 3.32, 2.25, 'Tepat', 'Tepat'),
(9, 61, 89.950819672131, 19, 20, 23, 24, 2.72, 3.28, 3.04, 3.11, 'Tepat', 'Tepat'),
(10, 61, 88.540983606557, 19, 20, 21, 24, 2.71, 2.59, 2.69, 2.69, 'Tepat', 'Tepat'),
(11, 62, 87.935483870968, 19, 20, 23, 24, 2.57, 3.13, 2.83, 2.99, 'Tepat', 'Tepat'),
(12, 62, 87.594838709677, 19, 20, 21, 24, 2.96, 2.99, 3.1, 3.01, 'Tepat', 'Tepat'),
(13, 61, 84.896885245902, 20, 19, 23, 23, 3.23, 3.53, 3.32, 3.38, 'Tepat', 'Tepat'),
(14, 60, 69.8505, 20, 19, 21, 21, 2.56, 2.25, 2.57, 3.2, 'Tepat', 'Tepat'),
(15, 65, 74.563692307692, 20, 19, 21, 21, 2.51, 2.7, 2.39, 2.95, 'Tepat', 'Tepat'),
(16, 61, 87.114262295082, 20, 19, 23, 23, 2.9, 3.04, 3.15, 3.43, 'Tepat', 'Tepat'),
(17, 62, 84.001129032258, 20, 19, 21, 23, 2.86, 2.86, 3.24, 3.09, 'Tepat', 'Tepat'),
(18, 61, 84.381475409836, 20, 19, 23, 23, 3.03, 3.11, 3.37, 3.51, 'Tepat', 'Tepat'),
(19, 63, 82.930793650794, 20, 19, 21, 23, 3.48, 3.24, 3.43, 3.55, 'Tepat', 'Tepat'),
(20, 62, 82.032258064516, 20, 19, 21, 23, 3.2, 2.97, 2.83, 3.08, 'Tepat', 'Tepat'),
(21, 61, 72.905409836066, 20, 19, 12, 21, 2.61, 2.14, 2.58, 2.35, 'Tepat', 'Terlambat'),
(22, 61, 83.620819672131, 20, 19, 21, 23, 3.65, 3.25, 3.4, 3.45, 'Tepat', 'Tepat'),
(23, 61, 87.89606557377, 20, 19, 21, 21, 2.91, 2.97, 2.95, 2.93, 'Tepat', 'Tepat'),
(24, 60, 82.4815, 20, 19, 23, 23, 3.05, 3.17, 3.14, 3.37, 'Tepat', 'Tepat'),
(25, 61, 79.074918032787, 20, 19, 23, 23, 3.09, 2.99, 3.29, 3.07, 'Tepat', 'Tepat'),
(26, 61, 87.160327868852, 20, 19, 21, 23, 3.34, 2.99, 3.44, 3.47, 'Tepat', 'Tepat'),
(27, 61, 81.651803278689, 20, 19, 21, 23, 3.24, 2.87, 3.06, 3.39, 'Tepat', 'Tepat'),
(28, 61, 78.476393442623, 20, 19, 23, 21, 2.85, 2.82, 3.1, 3.32, 'Tepat', 'Tepat'),
(29, 61, 85.705573770492, 20, 19, 21, 21, 2.9, 3.05, 2.99, 2.75, 'Tepat', 'Tepat');

-- --------------------------------------------------------

--
-- Table structure for table `gausian`
--

CREATE TABLE `gausian` (
  `id` int(11) NOT NULL,
  `id_uji` int(11) NOT NULL,
  `iterasi` varchar(25) NOT NULL,
  `jumlah_mk` double DEFAULT NULL,
  `absensi` double DEFAULT NULL,
  `sks_s1` double DEFAULT NULL,
  `sks_s2` double DEFAULT NULL,
  `sks_s3` double DEFAULT NULL,
  `sks_s4` double DEFAULT NULL,
  `ips_s1` double DEFAULT NULL,
  `ips_s2` double DEFAULT NULL,
  `ips_s3` double DEFAULT NULL,
  `ips_s4` double DEFAULT NULL
) ENGINE=InnoDB DEFAULT CHARSET=utf8;

--
-- Dumping data for table `gausian`
--

INSERT INTO `gausian` (`id`, `id_uji`, `iterasi`, `jumlah_mk`, `absensi`, `sks_s1`, `sks_s2`, `sks_s3`, `sks_s4`, `ips_s1`, `ips_s2`, `ips_s3`, `ips_s4`) VALUES
(1, 1, 'iterasi kelas Tepat', 2.6558184885927e-72, 0.00058935755596293, 0.12181519894662, 0.17227200322925, 0.2575344499092, 1.3140113711712e-53, 0.00000021126592979115, 0.007223700054675, 2.1100340694221e-20, 2.2467673275045e-18),
(2, 1, 'iterasi kelas Terlambat', 0.071282858602164, 0.053535886784761, 0.15925220478893, 0.30378813541197, 0.16613511365288, 0.033603146105175, 0.075475042797024, 0.41414636894384, 0.1017035225595, 0.13671650979319),
(3, 2, 'iterasi kelas Tepat', 7.1638929425801e-21, 0.0045894911788041, 0.11638242755652, 0.17227200322925, 0.2575344499092, 0.3280042015721, 0.01220815479358, 0.00051177246286239, 0.00000035772570665129, 0.000000000012639654123189),
(4, 2, 'iterasi kelas Terlambat', 0.10395103677108, 0.077504352201106, 0.14698593693942, 0.30378813541197, 0.16613511365288, 0.10239875285403, 0.49352562891237, 0.34209337477076, 0.33794998471941, 0.25741441299163),
(5, 3, 'iterasi kelas Tepat', 4.3687835716466e-41, 0.10786297852321, 0.12181519894662, 0.17227200322925, 0.2575344499092, 0.3280042015721, 0.78027664731336, 0.47663612102819, 0.39276244508614, 0.21431582369619),
(6, 3, 'iterasi kelas Terlambat', 0.10907823280356, 0.082049143506681, 0.15925220478893, 0.30378813541197, 0.16613511365288, 0.10239875285403, 0.3305357003852, 0.41890579106451, 0.29212187707858, 0.2697773557113),
(7, 4, 'iterasi kelas Tepat', 4.3687835716466e-41, 0.11659459785435, 0.12604834190837, 0.30413038696942, 0.2575344499092, 0.25987278750073, 0.73707958403284, 0.70340391821606, 0.47663612102819, 0.28437900741186),
(8, 4, 'iterasi kelas Terlambat', 0.10907823280356, 0.052550811532874, 0.16701091312628, 0.37766879592923, 0.16613511365288, 0.095837651779899, 0.41252967970694, 0.35562076239693, 0.28055009624812, 0.25741441299163),
(9, 5, 'iterasi kelas Tepat', 2.5225826598587e-76, 0.017804204627069, 0.12894199538461, 0.3246817847712, 0.063810846813164, 1.3140113711712e-53, 0.6319749240829, 0.052032733857305, 1.7509245715053e-19, 2.2467673275045e-18),
(10, 5, 'iterasi kelas Terlambat', 0.065893745365464, 0.092156004329294, 0.16953289395074, 0.18955423927535, 0.171566404413, 0.033603146105175, 0.46827809588128, 0.45296476221912, 0.11243079657952, 0.13671650979319),
(11, 6, 'iterasi kelas Tepat', 0.23672882687076, 0.11538062733895, 0.12604834190837, 0.30413038696942, 0.22576348568281, 0.25987278750073, 0.16361536785957, 0.66496860113184, 0.58204352736873, 0.57290278627982),
(12, 6, 'iterasi kelas Terlambat', 0.015930836874427, 0.051561479300647, 0.16701091312628, 0.37766879592923, 0.13427276474782, 0.095837651779899, 0.58153792775391, 0.29222827162191, 0.26462546590387, 0.20990593679449),
(13, 7, 'iterasi kelas Tepat', 0.0091352940088984, 0.11176682265702, 0.12604834190837, 0.30413038696942, 0.063810846813164, 0.25987278750073, 0.25406931226489, 0.15719580038171, 0.18519029979169, 0.026600237026048),
(14, 7, 'iterasi kelas Terlambat', 0.008102846624537, 0.079977839984339, 0.16701091312628, 0.37766879592923, 0.171566404413, 0.095837651779899, 0.57149029019672, 0.45630998403048, 0.32240992961194, 0.32541360706777),
(15, 8, 'iterasi kelas Tepat', 0.26082356444517, 0.098011993447252, 0.12604834190837, 0.30413038696942, 0.22576348568281, 0.25987278750073, 0.73707958403284, 0.15719580038171, 0.47663612102819, 0.026600237026048),
(16, 8, 'iterasi kelas Terlambat', 0.021513135424214, 0.041274858985308, 0.16701091312628, 0.37766879592923, 0.13427276474782, 0.095837651779899, 0.41252967970694, 0.45630998403048, 0.1671033601277, 0.32541360706777),
(17, 9, 'iterasi kelas Tepat', 0.26082356444517, 0.087434159186879, 0.12604834190837, 0.30413038696942, 0.22576348568281, 0.25987278750073, 0.42013063246952, 0.46270825795472, 0.71670317964208, 0.67203329243077),
(18, 9, 'iterasi kelas Terlambat', 0.021513135424214, 0.036544599984057, 0.16701091312628, 0.37766879592923, 0.13427276474782, 0.095837651779899, 0.53639476902238, 0.23058200716709, 0.22351935815191, 0.17908754923177),
(19, 10, 'iterasi kelas Tepat', 0.26082356444517, 0.097112213790898, 0.12604834190837, 0.30413038696942, 0.2575344499092, 0.25987278750073, 0.40219081466694, 0.31174813383019, 0.37891233021054, 0.29514027114855),
(20, 10, 'iterasi kelas Terlambat', 0.021513135424214, 0.040845122736476, 0.16701091312628, 0.37766879592923, 0.16613511365288, 0.095837651779899, 0.54090584754656, 0.44215596101366, 0.29401285791472, 0.25562412951123),
(21, 11, 'iterasi kelas Tepat', 0.28228515397961, 0.10101175188751, 0.12604834190837, 0.30413038696942, 0.22576348568281, 0.25987278750073, 0.18691509008194, 0.64721896748956, 0.5697588996857, 0.61532132823734),
(22, 11, 'iterasi kelas Terlambat', 0.018570877760496, 0.042755153955426, 0.16701091312628, 0.37766879592923, 0.13427276474782, 0.095837651779899, 0.57996052023842, 0.28493418981628, 0.26664126009671, 0.20074620625486),
(23, 12, 'iterasi kelas Tepat', 0.28228515397961, 0.10311815835156, 0.12604834190837, 0.30413038696942, 0.2575344499092, 0.25987278750073, 0.76825060496211, 0.71670317964208, 0.70340391821606, 0.62954778443298),
(24, 12, 'iterasi kelas Terlambat', 0.018570877760496, 0.043844619966124, 0.16701091312628, 0.37766879592923, 0.16613511365288, 0.095837651779899, 0.38301203652611, 0.33517552926684, 0.2111401496102, 0.19709939042929),
(25, 13, 'iterasi kelas Tepat', 0.26082356444517, 0.11685375862965, 0.12894199538461, 0.3246817847712, 0.22576348568281, 0.3280042015721, 0.5470930770268, 0.15719580038171, 0.47663612102819, 0.53319078738096),
(26, 13, 'iterasi kelas Terlambat', 0.021513135424214, 0.05277151269797, 0.16953289395074, 0.18955423927535, 0.13427276474782, 0.10239875285403, 0.19199751725849, 0.14860454415484, 0.1671033601277, 0.13354483820087),
(27, 14, 'iterasi kelas Tepat', 0.18673576642975, 0.067174791602724, 0.12894199538461, 0.3246817847712, 0.2575344499092, 0.13283156976807, 0.17500701304031, 0.041493893623628, 0.22708812505939, 0.66466787076907),
(28, 14, 'iterasi kelas Terlambat', 0.024765803907002, 0.094118869149362, 0.16953289395074, 0.18955423927535, 0.16613511365288, 0.11359575573438, 0.58088015389833, 0.4500334676661, 0.31567765881974, 0.16331605124313),
(29, 15, 'iterasi kelas Tepat', 0.077453856591217, 0.10037565541954, 0.12894199538461, 0.3246817847712, 0.2575344499092, 0.13283156976807, 0.12316127639173, 0.46270825795472, 0.079553581051257, 0.58209543515374),
(30, 15, 'iterasi kelas Terlambat', 0.011504910020356, 0.085311184588151, 0.16953289395074, 0.18955423927535, 0.16613511365288, 0.11359575573438, 0.58153792775391, 0.42119657698949, 0.34359203470865, 0.20807004714376),
(31, 16, 'iterasi kelas Tepat', 0.26082356444517, 0.10596860790141, 0.12894199538461, 0.3246817847712, 0.22576348568281, 0.3280042015721, 0.71559192784189, 0.70744118506698, 0.67297388467849, 0.47852863141406),
(32, 16, 'iterasi kelas Terlambat', 0.021513135424214, 0.045398453775084, 0.16953289395074, 0.18955423927535, 0.13427276474782, 0.10239875285403, 0.42696961950781, 0.31752329222068, 0.20090059934328, 0.12578089375488),
(33, 17, 'iterasi kelas Tepat', 0.28228515397961, 0.11998385876669, 0.12894199538461, 0.3246817847712, 0.2575344499092, 0.3280042015721, 0.66261027337221, 0.65637517535777, 0.58204352736873, 0.66765880317604),
(34, 17, 'iterasi kelas Terlambat', 0.018570877760496, 0.055813450546832, 0.16953289395074, 0.18955423927535, 0.16613511365288, 0.10239875285403, 0.45490561401713, 0.37806510355787, 0.18276764753625, 0.18265461326827),
(35, 18, 'iterasi kelas Tepat', 0.26082356444517, 0.11875370598959, 0.12894199538461, 0.3246817847712, 0.22576348568281, 0.3280042015721, 0.78027664731336, 0.66496860113184, 0.40669539296732, 0.38575630688818),
(36, 18, 'iterasi kelas Terlambat', 0.021513135424214, 0.054519170089355, 0.16953289395074, 0.18955423927535, 0.13427276474782, 0.10239875285403, 0.3305357003852, 0.29222827162191, 0.15758623355693, 0.11387450518744),
(37, 19, 'iterasi kelas Tepat', 0.23672882687076, 0.1226190912794, 0.12894199538461, 0.3246817847712, 0.2575344499092, 0.3280042015721, 0.15273912077308, 0.51774336105897, 0.3248289110313, 0.33963071738548),
(38, 19, 'iterasi kelas Terlambat', 0.015930836874427, 0.059465430685388, 0.16953289395074, 0.18955423927535, 0.16613511365288, 0.10239875285403, 0.075475042797024, 0.24490145033885, 0.1464855522426, 0.10817043893463),
(39, 20, 'iterasi kelas Tepat', 0.28228515397961, 0.12384511294258, 0.12894199538461, 0.3246817847712, 0.2575344499092, 0.3280042015721, 0.59919990784476, 0.71521315277882, 0.5697588996857, 0.66466787076907),
(40, 20, 'iterasi kelas Terlambat', 0.018570877760496, 0.062526331703765, 0.16953289395074, 0.18955423927535, 0.16613511365288, 0.10239875285403, 0.21071593792565, 0.34209337477076, 0.26664126009671, 0.18444548670148),
(41, 21, 'iterasi kelas Tepat', 0.26082356444517, 0.08924190984178, 0.12894199538461, 0.3246817847712, 0.000012671997839988, 0.13283156976807, 0.23964895379991, 0.01670247113511, 0.23834644226883, 0.052806506496257),
(42, 21, 'iterasi kelas Terlambat', 0.021513135424214, 0.08907749868447, 0.16953289395074, 0.18955423927535, 0.065059678877723, 0.11359575573438, 0.57369356107163, 0.43362735056065, 0.31395296274563, 0.31170008354068),
(43, 22, 'iterasi kelas Tepat', 0.26082356444517, 0.1210624234398, 0.12894199538461, 0.3246817847712, 0.2575344499092, 0.3280042015721, 0.037826931175713, 0.50418578339469, 0.36517042880337, 0.45565523184439),
(44, 22, 'iterasi kelas Terlambat', 0.021513135424214, 0.057110168693678, 0.16953289395074, 0.18955423927535, 0.16613511365288, 0.10239875285403, 0.034031541398902, 0.24130296364025, 0.15199004779661, 0.12274352433137),
(45, 23, 'iterasi kelas Tepat', 0.26082356444517, 0.10125891326998, 0.12894199538461, 0.3246817847712, 0.2575344499092, 0.13283156976807, 0.72679366172254, 0.71521315277882, 0.68712634188532, 0.56339520861277),
(46, 23, 'iterasi kelas Terlambat', 0.021513135424214, 0.042880692789656, 0.16953289395074, 0.18955423927535, 0.16613511365288, 0.11359575573438, 0.41978255657008, 0.34209337477076, 0.24213209267805, 0.21174332036494),
(47, 24, 'iterasi kelas Tepat', 0.18673576642975, 0.12334721413316, 0.12894199538461, 0.3246817847712, 0.22576348568281, 0.3280042015721, 0.77338175882249, 0.60551986970889, 0.68036719370973, 0.54351808639566),
(48, 24, 'iterasi kelas Terlambat', 0.024765803907002, 0.060997741087626, 0.16953289395074, 0.18955423927535, 0.13427276474782, 0.10239875285403, 0.31562030765285, 0.27032546574331, 0.20294093059385, 0.13512606012692),
(49, 25, 'iterasi kelas Tepat', 0.26082356444517, 0.12130955298283, 0.12894199538461, 0.3246817847712, 0.22576348568281, 0.3280042015721, 0.746406109373, 0.71670317964208, 0.51774336105897, 0.66115040197178),
(50, 25, 'iterasi kelas Terlambat', 0.021513135424214, 0.072338457576522, 0.16953289395074, 0.18955423927535, 0.13427276474782, 0.10239875285403, 0.28621925167126, 0.33517552926684, 0.17291885348283, 0.18624098525811),
(51, 26, 'iterasi kelas Tepat', 0.26082356444517, 0.10570191120309, 0.12894199538461, 0.3246817847712, 0.2575344499092, 0.3280042015721, 0.34972031671764, 0.71670317964208, 0.31174813383019, 0.43246074319496),
(52, 26, 'iterasi kelas Terlambat', 0.021513135424214, 0.045248698605369, 0.16953289395074, 0.18955423927535, 0.16613511365288, 0.10239875285403, 0.13183095623041, 0.33517552926684, 0.14467189708428, 0.11974623414108),
(53, 27, 'iterasi kelas Tepat', 0.26082356444517, 0.12408467876279, 0.12894199538461, 0.3246817847712, 0.2575344499092, 0.3280042015721, 0.52918332577159, 0.66496860113184, 0.71521315277882, 0.5226329024102),
(54, 27, 'iterasi kelas Terlambat', 0.021513135424214, 0.063816452051735, 0.16953289395074, 0.18955423927535, 0.16613511365288, 0.10239875285403, 0.1859666854862, 0.37496876464208, 0.21938555521293, 0.13197295435524),
(55, 28, 'iterasi kelas Tepat', 0.26082356444517, 0.11960404405055, 0.12894199538461, 0.3246817847712, 0.22576348568281, 0.13283156976807, 0.64759014262895, 0.61664751708064, 0.70340391821606, 0.59095297932566),
(56, 28, 'iterasi kelas Terlambat', 0.021513135424214, 0.074234640519913, 0.16953289395074, 0.18955423927535, 0.13427276474782, 0.11359575573438, 0.46164790739302, 0.3900324135462, 0.2111401496102, 0.14316826566115),
(57, 29, 'iterasi kelas Tepat', 0.26082356444517, 0.11336357047644, 0.12894199538461, 0.3246817847712, 0.2575344499092, 0.13283156976807, 0.71559192784189, 0.70340391821606, 0.70744118506698, 0.36255095301585),
(58, 29, 'iterasi kelas Terlambat', 0.021513135424214, 0.050050220312112, 0.16953289395074, 0.18955423927535, 0.16613511365288, 0.11359575573438, 0.42696961950781, 0.31394290848518, 0.23386545576, 0.24478365708181);

-- --------------------------------------------------------

--
-- Table structure for table `hasil_hitung`
--

CREATE TABLE `hasil_hitung` (
  `id_hitung` int(11) NOT NULL,
  `atribut` varchar(20) NOT NULL,
  `m_tepat` double NOT NULL,
  `s_tepat` double NOT NULL,
  `m_terlambat` double NOT NULL,
  `s_terlambat` double NOT NULL
) ENGINE=InnoDB DEFAULT CHARSET=utf8;

--
-- Dumping data for table `hasil_hitung`
--

INSERT INTO `hasil_hitung` (`id_hitung`, `atribut`, `m_tepat`, `s_tepat`, `m_terlambat`, `s_terlambat`) VALUES
(1, 'jumlah_mk', 61.81, 1.98, 38.04, 12.63),
(2, 'absensi', 81.3, 10.33, 66.09, 17.13),
(3, 'sks_s1', 21.48, 9.34, 19.96, 5.54),
(4, 'sks_s2', 19.37, 1.41, 20.26, 1.05),
(5, 'sks_s3', 21.69, 2.17, 19.22, 5.11),
(6, 'sks_s4', 22.99, 1.48, 16.57, 10.23),
(7, 'ips_s1', 3.01, 0.26, 2.53, 0.47),
(8, 'ips_s2', 2.99, 0.31, 2.39, 0.76),
(9, 'ips_s3', 3.04, 0.31, 1.9, 1.11),
(10, 'ips_s4', 3.14, 0.35, 1.68, 1.2);

-- --------------------------------------------------------

--
-- Table structure for table `hitung_uji`
--

CREATE TABLE `hitung_uji` (
  `id` int(50) NOT NULL,
  `atribut` varchar(20) NOT NULL,
  `p_tepat` double DEFAULT NULL,
  `p_terlambat` double DEFAULT NULL
) ENGINE=InnoDB DEFAULT CHARSET=utf8;

--
-- Dumping data for table `hitung_uji`
--

INSERT INTO `hitung_uji` (`id`, `atribut`, `p_tepat`, `p_terlambat`) VALUES
(1, 'uji', 6.7392045771831e-177, 0.000000000072569969760363),
(2, 'uji', 1.318216614149e-48, 0.000000014561707028666),
(3, 'uji', 2.191430151642e-46, 0.000000013020984911365),
(4, 'uji', 7.6962597584736e-46, 0.0000000098803351476857),
(5, 'uji', 1.7090704804454e-171, 0.00000000059423335239634),
(6, 'uji', 0.0000018676743286212, 0.0000000010195667296733),
(7, 'uji', 0.00000000010701104616008, 0.0000000029789253238666),
(8, 'uji', 0.000000070779795644996, 0.0000000011951445514652),
(9, 'uji', 0.0000040244372362009, 0.00000000051181436608253),
(10, 'uji', 0.00000076359136324169, 0.0000000025696727148138),
(11, 'uji', 0.0000022793137249112, 0.00000000092349312099417),
(12, 'uji', 0.000015259349446352, 0.00000000070771457432139),
(13, 'uji', 0.0000017305760829648, 0.000000000051740227815583),
(14, 'uji', 0.000000016500821094083, 0.00000000308644987943),
(15, 'uji', 0.000000024622932078223, 0.0000000016886154521551),
(16, 'uji', 0.000011706185581499, 0.00000000023949603894819),
(17, 'uji', 0.000016964547811556, 0.00000000052704506668249),
(18, 'uji', 0.0000065502137477727, 0.00000000014552024562656),
(19, 'uji', 0.000000750493217378, 0.000000000024573095070118),
(20, 'uji', 0.000016814386059284, 0.00000000036457879753407),
(21, 'uji', 0.000000000000069248566053147, 0.0000000017949253196398),
(22, 'uji', 0.00000029695519378173, 0.000000000016669929478871),
(23, 'uji', 0.0000063783658513315, 0.00000000066730235923536),
(24, 'uji', 0.000010362534281696, 0.00000000025299499692926),
(25, 'uji', 0.000015052221078063, 0.00000000034414922776309),
(26, 'uji', 0.0000027609051152173, 0.000000000065993952945717),
(27, 'uji', 0.000012615822949995, 0.00000000024548116140672),
(28, 'uji', 0.0000054480232589667, 0.0000000006902271048706),
(29, 'uji', 0.0000045812386422627, 0.000000000811767915376);

-- --------------------------------------------------------

--
-- Table structure for table `user`
--

CREATE TABLE `user` (
  `username` varchar(255) NOT NULL,
  `nama` varchar(255) DEFAULT NULL,
  `email` varchar(255) NOT NULL,
  `hak_akses` varchar(20) NOT NULL,
  `aktif` varchar(50) NOT NULL,
  `last_login_time` timestamp NOT NULL DEFAULT current_timestamp() ON UPDATE current_timestamp(),
  `password` char(60) CHARACTER SET utf8 COLLATE utf8_bin DEFAULT NULL
) ENGINE=InnoDB DEFAULT CHARSET=utf8;

--
-- Dumping data for table `user`
--

INSERT INTO `user` (`username`, `nama`, `email`, `hak_akses`, `aktif`, `last_login_time`, `password`) VALUES
('admin', 'Abdul Muiz Khalimi, S.Kom', 'abdoel.muiz27@gmail.com', 'Admin', 'Aktif', '2023-01-15 15:46:37', '$2y$10$Set01B.FmHUf/KyGJnILvucCH2UjaNHT/2qnAnbAEopplZgK12V4W'),
('user123', 'Andika Efendi', 'user@gmail.com', 'User', 'Aktif', '2023-01-15 15:48:41', '$2y$10$ayW4htY/PFnFpM1V3qSpJ.XU6xVEeyanIRa/xeRM/QPUl2XmSF1U6');

--
-- Indexes for dumped tables
--

--
-- Indexes for table `data_hitung`
--
ALTER TABLE `data_hitung`
  ADD PRIMARY KEY (`id`);

--
-- Indexes for table `data_latih`
--
ALTER TABLE `data_latih`
  ADD PRIMARY KEY (`id`);

--
-- Indexes for table `data_uji`
--
ALTER TABLE `data_uji`
  ADD PRIMARY KEY (`id`);

--
-- Indexes for table `gausian`
--
ALTER TABLE `gausian`
  ADD PRIMARY KEY (`id`);

--
-- Indexes for table `hasil_hitung`
--
ALTER TABLE `hasil_hitung`
  ADD PRIMARY KEY (`id_hitung`);

--
-- Indexes for table `hitung_uji`
--
ALTER TABLE `hitung_uji`
  ADD PRIMARY KEY (`id`);

--
-- Indexes for table `user`
--
ALTER TABLE `user`
  ADD PRIMARY KEY (`username`),
  ADD UNIQUE KEY `email` (`email`),
  ADD KEY `idx_start_of_username` (`username`(10));

--
-- AUTO_INCREMENT for dumped tables
--

--
-- AUTO_INCREMENT for table `data_hitung`
--
ALTER TABLE `data_hitung`
  MODIFY `id` int(11) NOT NULL AUTO_INCREMENT, AUTO_INCREMENT=2;

--
-- AUTO_INCREMENT for table `data_latih`
--
ALTER TABLE `data_latih`
  MODIFY `id` int(11) NOT NULL AUTO_INCREMENT, AUTO_INCREMENT=143;

--
-- AUTO_INCREMENT for table `data_uji`
--
ALTER TABLE `data_uji`
  MODIFY `id` int(11) NOT NULL AUTO_INCREMENT, AUTO_INCREMENT=30;

--
-- AUTO_INCREMENT for table `gausian`
--
ALTER TABLE `gausian`
  MODIFY `id` int(11) NOT NULL AUTO_INCREMENT, AUTO_INCREMENT=59;

--
-- AUTO_INCREMENT for table `hasil_hitung`
--
ALTER TABLE `hasil_hitung`
  MODIFY `id_hitung` int(11) NOT NULL AUTO_INCREMENT, AUTO_INCREMENT=11;

--
-- AUTO_INCREMENT for table `hitung_uji`
--
ALTER TABLE `hitung_uji`
  MODIFY `id` int(50) NOT NULL AUTO_INCREMENT, AUTO_INCREMENT=30;
COMMIT;

/*!40101 SET CHARACTER_SET_CLIENT=@OLD_CHARACTER_SET_CLIENT */;
/*!40101 SET CHARACTER_SET_RESULTS=@OLD_CHARACTER_SET_RESULTS */;
/*!40101 SET COLLATION_CONNECTION=@OLD_COLLATION_CONNECTION */;
